horizon,correlation
5 min,0.9275399662005746
15 min,0.7911824438449382
30 min,0.6430608370017817
