regime,count,pct
Free Flow,15636277,90.75502127098426
Moderate,648310,3.7628770480461435
Severe,558505,3.241636941770158
Heavy,386012,2.2404647391994383
